{
  "options": {
    "summaryTrendStats": [
      "avg",
      "min",
      "med",
      "p(90)",
      "p(95)",
      "p(99)",
      "max"
    ],
    "summaryTimeUnit": "",
    "noColor": false
  },
  "state": {
    "testRunDurationMs": 310006.918,
    "isStdOutTTY": true,
    "isStdErrTTY": true
  },
  "metrics": {
    "http_req_duration{phase:fetch_list}": {
      "contains": "time",
      "values": {
        "p(95)": 16731.003749999996,
        "p(99)": 31904.90245999993,
        "max": 60006.339,
        "avg": 5395.2992377819555,
        "min": 523.652,
        "med": 3389.377,
        "p(90)": 10668.808
      },
      "thresholds": {
        "p(95)<500": {
          "ok": false
        }
      },
      "type": "trend"
    },
    "data_sent": {
      "type": "counter",
      "contains": "data",
      "values": {
        "count": 1358561,
        "rate": 4382.357041464475
      }
    },
    "http_req_sending": {
      "type": "trend",
      "contains": "time",
      "values": {
        "avg": 0.05321782780651085,
        "min": 0.009,
        "med": 0.035,
        "p(90)": 0.067,
        "p(95)": 0.09769999999999981,
        "p(99)": 0.38139999999999236,
        "max": 10.926
      }
    },
    "vus": {
      "type": "gauge",
      "contains": "default",
      "values": {
        "value": 6,
        "min": 6,
        "max": 50
      }
    },
    "http_req_tls_handshaking": {
      "type": "trend",
      "contains": "time",
      "values": {
        "max": 0,
        "avg": 0,
        "min": 0,
        "med": 0,
        "p(90)": 0,
        "p(95)": 0,
        "p(99)": 0
      }
    },
    "http_req_duration{expected_response:true}": {
      "type": "trend",
      "contains": "time",
      "values": {
        "p(99)": 24609.443200000194,
        "max": 54964.859,
        "avg": 4103.749986339641,
        "min": 326.569,
        "med": 2837.98,
        "p(90)": 7997.962,
        "p(95)": 11787.499
      }
    },
    "http_req_connecting": {
      "type": "trend",
      "contains": "time",
      "values": {
        "p(95)": 0,
        "p(99)": 0.8803199999999952,
        "max": 1.81,
        "avg": 0.02120596288408883,
        "min": 0,
        "med": 0,
        "p(90)": 0
      }
    },
    "http_req_waiting": {
      "type": "trend",
      "contains": "time",
      "values": {
        "min": 326.298,
        "med": 2903.937,
        "p(90)": 8255.971000000001,
        "p(95)": 12272.576699999998,
        "p(99)": 25422.245479999987,
        "max": 60006.321,
        "avg": 4253.4821143900235
      }
    },
    "http_req_receiving": {
      "contains": "time",
      "values": {
        "med": 0.53,
        "p(90)": 1.387,
        "p(95)": 1.6513999999999995,
        "p(99)": 2.8061799999999955,
        "max": 25.684,
        "avg": 0.769999087313658,
        "min": 0
      },
      "type": "trend"
    },
    "http_req_duration": {
      "type": "trend",
      "contains": "time",
      "values": {
        "avg": 4254.305331305135,
        "min": 326.569,
        "med": 2904.479,
        "p(90)": 8256.483400000001,
        "p(95)": 12273.679699999997,
        "p(99)": 25423.920159999987,
        "max": 60006.339
      },
      "thresholds": {
        "p(95)<500": {
          "ok": false
        }
      }
    },
    "data_received": {
      "values": {
        "count": 94519210,
        "rate": 304893.8733683356
      },
      "type": "counter",
      "contains": "data"
    },
    "vus_max": {
      "type": "gauge",
      "contains": "default",
      "values": {
        "value": 50,
        "min": 50,
        "max": 50
      }
    },
    "checks": {
      "type": "rate",
      "contains": "default",
      "values": {
        "rate": 0.9950571516836577,
        "passes": 6442,
        "fails": 32
      },
      "thresholds": {
        "rate>0.99": {
          "ok": true
        }
      }
    },
    "http_req_blocked": {
      "type": "trend",
      "contains": "time",
      "values": {
        "med": 0.008,
        "p(90)": 0.014,
        "p(95)": 0.028,
        "p(99)": 5.229259999999998,
        "max": 11.657,
        "avg": 0.1076942500760537,
        "min": 0.003
      }
    },
    "http_reqs": {
      "type": "counter",
      "contains": "default",
      "values": {
        "count": 3287,
        "rate": 10.60298918877675
      }
    },
    "group_duration": {
      "type": "trend",
      "contains": "time",
      "values": {
        "min": 326.818652,
        "med": 2808.440223,
        "p(90)": 8273.829494200003,
        "p(95)": 12376.887104999996,
        "p(99)": 25529.852124239984,
        "max": 60017.353778,
        "avg": 4219.574367224664
      }
    },
    "iteration_duration": {
      "type": "trend",
      "contains": "time",
      "values": {
        "p(90)": 29048.295890800007,
        "p(95)": 36597.05489189998,
        "p(99)": 48421.23038988001,
        "max": 66376.531981,
        "avg": 14264.567253799805,
        "min": 3216.43695,
        "med": 10781.342009
      }
    },
    "http_req_duration{phase:create_resource}": {
      "contains": "time",
      "values": {
        "p(95)": 12256.577499999998,
        "p(99)": 20820.64228,
        "max": 60000.808,
        "avg": 4476.780590780807,
        "min": 593.926,
        "med": 3179.241,
        "p(90)": 8353.431400000005
      },
      "thresholds": {
        "p(95)<500": {
          "ok": false
        }
      },
      "type": "trend"
    },
    "http_req_failed": {
      "type": "rate",
      "contains": "default",
      "values": {
        "rate": 0.020079099482811075,
        "passes": 66,
        "fails": 3221
      },
      "thresholds": {
        "rate<0.01": {
          "ok": false
        }
      }
    },
    "iterations": {
      "type": "counter",
      "contains": "default",
      "values": {
        "count": 1059,
        "rate": 3.416052799183017
      }
    },
    "http_req_duration{phase:end_session}": {
      "type": "trend",
      "contains": "time",
      "values": {
        "p(95)": 7995.123199999997,
        "p(99)": 17043.487760000055,
        "max": 22711.134,
        "avg": 2778.87235566038,
        "min": 326.569,
        "med": 1732.7440000000001,
        "p(90)": 5849.053900000001
      },
      "thresholds": {
        "p(95)<500": {
          "ok": false
        }
      }
    }
  },
  "root_group": {
    "name": "",
    "path": "",
    "id": "d41d8cd98f00b204e9800998ecf8427e",
    "groups": [
      {
        "groups": [],
        "checks": [
            {
              "name": "[fetch_list] status 200",
              "path": "::step_1_fetch_list::[fetch_list] status 200",
              "id": "b987fe9c3540f2475482f82eb647c34c",
              "passes": 1056,
              "fails": 8
            },
            {
              "name": "[fetch_list] body is array",
              "path": "::step_1_fetch_list::[fetch_list] body is array",
              "id": "cbffd11ad546850d59ec4a643ccc19bf",
              "passes": 1056,
              "fails": 8
            }
          ],
        "name": "step_1_fetch_list",
        "path": "::step_1_fetch_list",
        "id": "4545a06fa51253786139900b1ef6f408"
      },
      {
        "name": "step_2_create_resource",
        "path": "::step_2_create_resource",
        "id": "0ff4031b49ffd90eb52369e1837562b1",
        "groups": [],
        "checks": [
            {
              "path": "::step_2_create_resource::[create] status 200",
              "id": "77e76e3d0cee83b4fef8522bd5d97151",
              "passes": 1058,
              "fails": 5,
              "name": "[create] status 200"
            },
            {
              "path": "::step_2_create_resource::[create] id ada",
              "id": "1029e779835da7b2726d62b8361ac0b6",
              "passes": 1058,
              "fails": 5,
              "name": "[create] id ada"
            }
          ]
      },
      {
        "id": "2c3bf471b692952e5d7a535bee37ff2c",
        "groups": [],